﻿<?xml version="1.0" encoding="UTF-8" ?>
<items>
<playlist_name>INFO</playlist_name> 
<channel>
<title>Playlist Başlatma</title>
<playlist_url>stop</playlist_url>
<description><![CDATA[ <img src="http://fiowidget.narod.ru/img/0start.jpg" height="400" width="420"/> ]]></description>
</channel>

<channel>
<title>Kolay Playlist Başlatma</title>
<playlist_url>stop</playlist_url>
<description><![CDATA[ <img src="http://fiowidget.narod.ru/img/1start.jpg" height="400" width="420"/> ]]></description>
</channel>

<channel>
<title>Standart "xml" Playlist</title>
<playlist_url>stop</playlist_url>
<description><![CDATA[ <img src="http://fiowidget.narod.ru/img/1xml.jpg" height="400" width="420"/> ]]></description>
</channel>

<channel>
<title>Kolay "xml" Playlist</title>
<playlist_url>stop</playlist_url>
<description><![CDATA[ <img src="http://fiowidget.narod.ru/img/2xml.jpg" height="400" width="420"/> ]]></description>
</channel>

<channel>
<title>Standart "m3u" Playlist</title>
<playlist_url>stop</playlist_url>
<description><![CDATA[ <img src="http://fiowidget.narod.ru/img/m3u.jpg" height="400" width="420"/> ]]></description>
</channel>

<channel>
<title>"xml" Playlist Yapısının Açıklaması</title>
<playlist_url>stop</playlist_url>
<description><![CDATA[ <table><table><td><</td><td>items</td><td>><</td><td>/items ></td><td>Playlist Başlangıç - Son</td></table><table><td><</td><td>playlist_name</td><td>><</td><td>/playlist_name ></td><td> имя п-листа</td></table><table><td><</td><td>category</td><td>><</td><td>/category ></td><td>Kategori Başlangıç - Son </td></table><table><td><</td><td>channel</td><td>><</td><td>/channel ></td><td>Kanal Başlangıç - Son</td></table><table><td><</td><td>category_id</td><td>><</td><td>/category_id ></td><td>Kategori No</td></table><table><td><</td><td>category_title</td><td>><</td><td>/category_title ></td><td>İsim </td></table><table><td><</td><td>title</td><td>><</td><td>/title ></td><td>Playlist,Kanal Adı</td></table><table><td><</td><td>stream_url</td><td>><</td><td>/stream_url ></td><td>Stream Adres</td></table><table><td><</td><td>playlist_url</td><td>><</td><td>/playlist_url ></td><td>Playlist Adres</td></table><table><td><</td><td>description</td><td>><</td><td>/description ></td><td>Detaylı Bilgi</td></table><table><td><</td><td>logo_30x30</td><td>><</td><td>/logo_30x30 ></td><td>Adres Simgesi</td></table><table><td><</td><td>size</td><td>><</td><td>/size ></td><td>Ekran Boyutu (0 - 4)</td></table><table><td><</td><td>audiotrack_num</td><td>><</td><td>/audiotrack_num ></td></table><table><td>Ses Parçası No</td></table><table><td><</td><td>buffer</td><td>><</td><td>/buffer ></td><td>Arabellek ( 0.5 - 20 (Мb))</td></table><table><td><</td><td>ibuffer</td><td>><</td><td>/ibuffer ></td><td> Part ( 10 - 60 (%))</td></table><table><td>Arabelleğe Alınma Sonrası </td></table><table><td> Oynatmaya Başlatma</td></table><table><td><</td><td>timeshift</td><td>><</td><td>/timeshift ></td><td>Değişiklik Zamanı</td></table><table><td>Yandex Yayın Akışı ( +/-12 Saat)</td></table></table> ]]></description>
</channel>
</items>
