﻿<?xml version="1.0" encoding="UTF-8" ?>
<items>
<playlist_name>INFO</playlist_name> 
<channel>
<title>Standart Özelliklere Sahip Tuşlar</title>
<playlist_url>stop</playlist_url>
<description><![CDATA[ <table><table><td><img src="img/buttons/0_9.png" /></td><td> - Kanal ve Playlist için Hızlı Geçiş Tuşları</td></table><table><td> "PRE-CH" - Önceki Kanal</td></table><table><td> "VoI +", " Vol -" - Ses Seviyesi Ayarlama</td></table><table><td> "MUTE" -  Ses Kapalı</td></table><table><td> "MENU" - TV nin Standart Menü Ayarları</td></table><table><td><img src="img/buttons/back.png" /></td><td> - Önceki Duruma Geri Dönmek </td></table><table><td><img src="img/buttons/exit.png" /></td><td> "EXIT" -  Widget Çıkışı</td></table><table><td><img src="img/buttons/psize.png" /></td><td> - Ekran Boyutu Ayarlama </td></table><table>"AD/SUBT" - Ses Geçiş Anahtarı</table></table> ]]></description>
</channel>

<channel>
<title>Playlist Tuşları</title>
<playlist_url>stop</playlist_url>
<description><![CDATA[ <table><table><td><img src="img/buttons/tools.png" /></td><td>"TOOLS" - Widget Ayarları.</td></table><table><td><img src="img/buttons/move.png" /></td><td> - Sayfa Kanal Değiştirme </td></table><table><td><img src="img/buttons/enter.png" /></td><td>"ENTER" - ENTER </td></table><table><td><img src="img/buttons/back.png" /></td><td> "RETURN" - Önceki Playlist </td></table><table><td><img src="img/buttons/exit.png" /></td><td> "EXIT" - ÇIKIŞ </td></table><table><td><img src="img/buttons/red.png" /></td><td> - Kategori Seçme </td></table><table><td><img src="img/buttons/green.png" /><img src="img/buttons/yellow.png" /><img src="img/buttons/blue.png" /></td><td> - Favori seçin,Favorileri Düzenleyin </td></table><table><td><img src="img/buttons/info.png" /></td><td> "INFO" - Yardım, Bilgi !</td></table><table><td> "P+", "P-" - Detaylı Bilgi Yukarı - Aşağı</td></table><table><td><img src="img/buttons/rew.png" /><img src="img/buttons/ff.png" /></td><td> - Program Geçiş </td></table><table><td><img src="img/buttons/play.png" /></td><td> - Play </td></table><table><td><img src="img/buttons/stop.png" /></td><td> - Durdur </td></table><table><td>"GUIDE" - Program Detayları</td></table></table>
 ]]></description>
</channel>

<channel>
<title> IP-TV ve WEBTV Oynatma Tuşları</title>
<playlist_url>stop</playlist_url>
<description><![CDATA[ <table><table><td><img src="img/buttons/tools.png" /></td><td>"TOOLS" - Servis ("D" ve "E" serisi için)</td></table><table><td><img src="img/buttons/info.png" /></td><td> "INFO" - Player Bilgi Paneli Açma</td></table><table><td><img src="img/buttons/ud.png" /></td><td> "P+", "P-" - Kanal Değiştrime </td></table><table><td><img src="img/buttons/lr.png" /></td><td> - Ses Seviyesi Ayarlama </td></table><table><td><img src="img/buttons/back.png" /></td><td> "RETURN" - Kanal Listesine Geri Dön </td></table><table><td><img src="img/buttons/exit.png" /></td><td> "EXIT" - Dur, Kanal Listesine Geri Dön </td></table><table><td><img src="img/buttons/green.png" /><img src="img/buttons/yellow.png" /></td><td> - Görüntü Ve Ses Ayarı.</td></table><table><td><img src="img/buttons/blue.png" /></td><td> - Ekran Boyutu Ayarlama </td></table><table><td>"REC" - Kayıt </td></table><table><td><img src="img/buttons/play.png" /></td><td> -  Oynatmaya Yeniden Başlatın </td></table></table>]]></description>
</channel>

<channel>
<title>Medya Oynatma Tuşları</title>
<playlist_url>stop</playlist_url>
<description><![CDATA[ <table><table><td><img src="img/buttons/0_9.png" /></td><td> - %0  -%100 Arası İlerletme</td></table><table><td><img src="img/buttons/ud.png" /></td><td> "P+", "P-" - Önceki ve Sonraki Medya Oynatma</td></table><table><td><img src="img/buttons/tools.png" /></td><td>"TOOLS" - Servis ("D" ve "E" serisi için)</td></table><table><td><img src="img/buttons/info.png" /></td><td> "INFO" - Player Bilgi Paneli Açma </td></table><table><td><img src="img/buttons/back.png" /></td><td> "RETURN" - Medya Listesine Geri Dön</td></table><table><td><img src="img/buttons/exit.png" /></td><td> "EXIT" Dur, Medya Listesine Geri Dön</td></table><table><td><img src="img/buttons/green.png" /><img src="img/buttons/yellow.png" /></td><td> - Görüntü Ve Ses Ayarı.</td></table><table><td><img src="img/buttons/enter.png" /></td><td>"ENTER" - Duraklat Oynat</td></table><table><td>Geri Sarma : </td><td><img src="img/buttons/lr.png" /></td><td>+/- 2 Dk. , </td><td><img src="img/buttons/help_ff_rew.png" /></td><td>+/- 30 sn.</td></table><table><td><img src="img/buttons/pause.png" /></td><td> - Durdur</td><td><img src="img/buttons/play.png" /></td><td> - Oynat </td><td><img src="img/buttons/stop.png" /></td><td> - Dur </td></table><table><td><img src="img/buttons/play.png" /></td><td> - Oynat - Tekrar Oynatma </td></table><table><td><img src="img/buttons/blue.png" /></td><td> - Görüntü Boyutu Ayarlama</td></table>
]]></description>
</channel>

</items>
