﻿<?xml version="1.0" encoding="UTF-8" ?>
<items>
<playlist_name>INFO</playlist_name> 
<channel>
<title>Size Bir Tavsiye </title>
<playlist_url>help/endhelp.xml</playlist_url>
<description><![CDATA[<img src='http://www.logomatik.net/image.png?fsize=44&font=AIRCUT.TTF&text=uyduhane%20.TV&mirror=yes&color=&vcolor=&bgcolor=&alpha=Yes&output=png&spacing=5&shadow=no&transparent=no&icon=no&iconic=&top_spacing=5&left_spacing=6&icon_size=48'/>]]></description>
</channel>

<channel>
<title>Size Bir Tavsiye Daha </title>
<playlist_url>help/nahhelp.xml</playlist_url>
<description><![CDATA[<img src='http://www.logomatik.net/image.png?fsize=44&font=AIRCUT.TTF&text=uyduhane%20.TV&mirror=yes&color=&vcolor=&bgcolor=&alpha=Yes&output=png&spacing=5&shadow=no&transparent=no&icon=no&iconic=&top_spacing=5&left_spacing=6&icon_size=48'/>]]></description>
</channel>
</items>
