﻿<?xml version="1.0" encoding="UTF-8" ?>
<items>
<playlist_name>INFO</playlist_name> 
<channel>
<title>Hazırlayan</title>
<playlist_url>stop</playlist_url>
<description><![CDATA[<table> nStreamLmod - "<font color="#00ccff">FIOKOM</font>" tarfından hazırlanmış ve oluşturulmuştur. </table><table> Bu çalışmayı desteklemek ve geliştirlmesine yardımcı olamak isteyenler aşağıdaki hesaplara bağış yapabilir : </table><table>WebMoney : <font color="yellow">E207816186284, R539981436667</font> ,  </table><table> <font color="yellow">Z102557841522, U421018119509</font></table><table>PayPal Hesabım : "<font color="green">fiowidget @yandex.ru</font>"</table><table>===========================================</table>
]]></description>
</channel>

<channel>
<title>nStreamLmod Özellikleri</title>
<playlist_url>stop</playlist_url>
<description><![CDATA[<table><font color="#00ccff"> nStreamLmod</font></table><table> 
SamsungTV" <font color="#00ccff">C,</font>" serisinin <font color="#00ccff">Internet@TV</font> özelliği, "<font color="#00ccff">D</font>" ve "<font color="#00ccff">E</font>" serilerinin  <font color="#00ccff">SmartHub</font> fonksiyonları sayesinde :
</table><table> İnternet bağlantısı kullanılarak <font color="#00ccff">IPTV</font> ve <font color="#00ccff">WebTV</font> izlenebilmesi,
</table><table><font color="#00ccff">USB</font> sürücüleri kullanılarak flash belleklerdeki medya dosyalarını oynatmak için bu Widget sizler için yapılmıştır. Tamamen ücretsiz olup Sadece TV nize yükleyin.
</table><table> Rus TV kanallarının yayın akışını takip etmek isterseniz "<font color="#00ccff">m.tv.yandex.ru</font>" adresini ziyaret edebilirsiniz.</table>]]></description>
</channel>

<channel>
<title>Desteklenen Sunucular</title>
<playlist_url>stop</playlist_url>
<description><![CDATA[<table> <font color="#00ccff">nStreamLmod</font> aşağıdaki sunucu türlerini oynatmayı destekler. </table><table><font color="#00ccff"> "udp", "mms", "rtsp", "hls", "http","rtmp"</font></table>]]></description>
</channel>

<channel>
<title>Desteklenen Dosya Türleri</title>
<playlist_url>stop</playlist_url>
<description><![CDATA[<table><font color="#00ccff"> nStreamLmod </font> TV'nizin kendi özelliklerinde bulunan tüm medya türlerini ve dosyalarını destekler.</table>
]]></description>
</channel>

<channel>
<title>Çalışma Temel İlkeleri</title>
<playlist_url>stop</playlist_url>
<description><![CDATA[<table>"<font color="#00ccff">http</font>" sunucusu veya Flash belleklerdeki linklerden aldığı Playlistleri TV nizde oynatır.</table><table> Başka çalma listeleri eklemek için Widgeti TV ye yüklemeden önce "<font color="#00ccff">start.xml</font>". dosyasına Playlist eklemelisiniz.</table><table> Uyduhane TV kullanmak için uyduhanetv'ye üye olmanız gerekmektedir. Detaylı bilgi için "<font color="#00ccff">http://www.uyduhane.com/uyduhane-tv-acilmistir-t34286.html</font>" ve "<font color="#00ccff">http://www.uyduhane.com/kendi-tv-listenizi-olusturun-t34278.html</font>" adreslerini ziyaret edebilirsiniz.</table>
]]></description>
</channel>

<channel>
<title>Playlistler</title>
<playlist_url>help/1help.xml</playlist_url>
<description><![CDATA[<table> <font color="#00ccff"> nStreamLmod </font> ile с<font color="#00ccff"> ".xml" и "m3u"</font> uzantılı dosyaları çalıştırabilirsiniz. Daha ayrıntılı açıklama için "<font color="#00ccff">ENTER</font>"ı tuşlayın.</table>
]]></description>
</channel>

<channel>
<title>Kanallar İçin Simgeler</title>
<playlist_url>stop</playlist_url>
<description><![CDATA[<table> Simgeleri Yüklemek İçin İki Yol Uygulanır : </table><table> 1) Doğrudan belirtilmiş etiketli klasör adresi olacak </table><table><td><</td><td>logo_30x30</td><td>><font color="#00ccff">1.png</font><</td><td>/logo_30x30 ></td></table><table><tr><font color="#00ccff">1.png</font> ve "<font color="#00ccff">logos</font>" klasörlerinde veya</tr></table><table>"<font color="#00ccff">http://fbhost-tv.fr/temporaire/img/ort.gif</font>"gibi adreslerde</table><table></table><table> 2) İsme göre.</table><table>"<font color="#00ccff">logos</font>" Klasöründe icon ismiyle taranır. Kanalın adıyla eşleşir.</table><table> Örnğin: Relax.TV.png için - "<font color="#00ccff">Relax.TV.png</font>". </table> ]]></description>
</channel>

<channel>
<title>Kanallara Yayın Akışı Ekleme Yandex</title>
<playlist_url>stop</playlist_url>
<description><![CDATA[<table>Kanallara Yandex yayın akışı eklemek için,</table><table>"xml" klasöründeki "WebTV.xml" dosyası </table><table> not defteri ile açılarak istenilen kanalın </table><table><td></td><td><</td><td>description</td><td>><</td><td>/description ></td></table><table> kodunun arasına </table><table><font color="#00ccff">" http://m.tv.yandex.ru "</font>, adresinden </td></table><table> bulunduğunuz bölgenin koduyla beraber</td></table><table><font color="#00ccff">http://m.tv.yandex.ru/11503/?day=15703&when=2&channel=291</font></table>eklenir. (11503 istanbul bölge kodu ) </td></table>
 ]]></description>
</channel>

<channel>
<title>Fonksiyon Tuşları İşlevi</title>
<playlist_url>help/2help.xml</playlist_url>
<description><![CDATA[<table> Dört Ana Bölümden Oluşur :</table><table> 1) "Standart Özelliklere Sahip Tuşlar"</table><table> 2) "Playlist Tuşları"</table><table> 3) "IP-TV ve WEBTV Oynatma Tuşları"</table><table> ) "Medya Oynatma Tuşları"</table><table>Ana işlev tuşlarına karşılık </table><table> gelir ancak bazı tuşlar </table><table> istenen duruma göredeğiştirebilirsiniz!</table><table> Fonksiyonları ayrıntılı bir açıklamasını görüntülemek için </table><table> "ENTER" Tuşuna basın!</table>
 ]]></description>
</channel>

<channel>
<title>Şikayetler Ve İstekler</title>
<playlist_url>help/bookhelp.xml</playlist_url>
<description><![CDATA[ <img src="logos/gorus-oneri-istek.png" height="400" width="420"/> ]]></description>
</channel>
</items>
