﻿<?xml version="1.0" encoding="UTF-8" ?>
<items>
<playlist_name>no_name</playlist_name>
<category>
	<category_id>1</category_id>
	<category_title>Genel</category_title>
</category>	
<category>
	<category_id>2</category_id>
	<category_title>Spor</category_title>
</category>	
<category>
	<category_id>3</category_id>
	<category_title>Haber</category_title>
</category>	
<category>
	<category_id>4</category_id>
	<category_title>Muzik</category_title>
</category>	
<category>
	<category_id>5</category_id>
	<category_title>Çocuk</category_title>
</category>
<channel>
	<title>KANAL D HD</title>
	<stream_url><![CDATA[http://212.224.108.80/S1/HLS_LIVE/kanald/1500/prog_index.m3u8]]></stream_url> 
	<logo_30x30></logo_30x30>
	<description>TRT1</description>
	<category_id>1</category_id>
</channel>
<channel>
	<title>LigTV</title>
	<stream_url><![CDATA[http://ankarali:test@vipiptv.dyndns.org:1453]]></stream_url> 
	<logo_30x30></logo_30x30>
	<description>TRT HD</description>
	<category_id>1</category_id>
</channel>
<channel>
	<title>LigTV 2</title>
	<stream_url><![CDATA[http://ankarali:test@vipiptv.dyndns.org:1454]]></stream_url> 
	<logo_30x30></logo_30x30>
	<description>TRT HABER</description>
	<category_id>3</category_id>
</channel>
<channel>
	<title>Lig tv 3</title>
	<stream_url><![CDATA[http://ankarali:test@vipiptv.dyndns.org:1455]]></stream_url> 
	<logo_30x30></logo_30x30>
	<description>TRT3-SPOR</description>
	<category_id>2</category_id>
</channel>
<channel>
	<title>NtvSpor Smart HD</title>
	<stream_url><![CDATA[http://ankarali:test@vipiptv.dyndns.org:1456]]></stream_url> 
	<logo_30x30></logo_30x30>
	<description>TRT COCUK</description>
	<category_id>5</category_id>
</channel>
<channel>
	<title>Yeşilçam</title>
	<stream_url><![CDATA[http://ankarali:test@vipiptv.dyndns.org:1457]]></stream_url> 
	<logo_30x30></logo_30x30>
	<description>TRT ANADOLU</description>
	<category_id>1</category_id>
</channel>
<channel>
	<title>TRT6</title>
	<stream_url><![CDATA[http://ardak:furkak@darkvip.kadm5.com:5006]]></stream_url> 
	<logo_30x30></logo_30x30>
	<description>TRT6</description>
	<category_id>1</category_id>
</channel>
<channel>
	<title>TRT TURK</title>
	<stream_url><![CDATA[http://ardak:furkak@darkvip.kadm5.com:5007]]></stream_url> 
	<logo_30x30></logo_30x30>
	<description>TRT TURK</description>
	<category_id>1</category_id>
</channel>
<channel>
	<title>TRT AVAZ</title>
	<stream_url><![CDATA[http://ardak:furkak@darkvip.kadm5.com:5008]]></stream_url> 
	<logo_30x30></logo_30x30>
	<description>TRT AVAZ</description>
	<category_id>1</category_id>
</channel>
<channel>
	<title>TRT OKUL</title>
	<stream_url><![CDATA[http://ardak:furkak@darkvip.kadm5.com:5009]]></stream_url> 
	<logo_30x30></logo_30x30>
	<description>TRT OKUL</description>
	<category_id>1</category_id>
</channel>
<channel>
	<title>TRT MUZIK</title>
	<stream_url><![CDATA[http://ardak:furkak@darkvip.kadm5.com:5010]]></stream_url> 
	<logo_30x30></logo_30x30>
	<description>TRT MUZIK</description>
	<category_id>4</category_id>
</channel>
<channel>
	<title>TRT BELGESEL</title>
	<stream_url><![CDATA[http://ardak:furkak@darkvip.kadm5.com:5011]]></stream_url> 
	<logo_30x30></logo_30x30>
	<description>TRT BELGESEL</description>
	<category_id>1</category_id>
</channel>
<channel>
	<title>TRT ARAPCA</title>
	<stream_url><![CDATA[http://ardak:furkak@darkvip.kadm5.com:5012]]></stream_url> 
	<logo_30x30></logo_30x30>
	<description>TRT ARAPCA</description>
	<category_id>1</category_id>
</channel>
<channel>
	<title>SAMANYOLU HABER</title>
	<stream_url><![CDATA[http://ardak:furkak@darkvip.kadm5.com:5013]]></stream_url> 
	<logo_30x30></logo_30x30>
	<description>SAMANYOLU HABER</description>
	<category_id>1</category_id>
</channel>
<channel>
	<title>FLASH TV</title>
	<stream_url><![CDATA[http://vsadmin:yxcvbnm123!@main.virtualsat.eu:9242]]></stream_url> 
	<logo_30x30></logo_30x30>
	<description>FLASH TV</description>
	<category_id>1</category_id>
</channel>
<channel>
	<title>POWER TURK</title>
	<stream_url><![CDATA[http://vsadmin:yxcvbnm123!@main.virtualsat.eu:9244]]></stream_url> 
	<logo_30x30></logo_30x30>
	<description>POWER TURK</description>
	<category_id>1</category_id>
</channel>
<channel>
	<title>NR 1</title>
	<stream_url><![CDATA[http://vsadmin:yxcvbnm123!@main.virtualsat.eu:9243]]></stream_url> 
	<logo_30x30></logo_30x30>
	<description>NR 1</description>
	<category_id>1</category_id>
</channel>
<channel>
	<title>KARADENIZ</title>
	<stream_url><![CDATA[http://vsadmin:yxcvbnm123!@main.virtualsat.eu:9245]]></stream_url> 
	<logo_30x30></logo_30x30>
	<description>KARADENIZ</description>
	<category_id>1</category_id>
</channel>
<channel>
	<title>KANAL7 AVR</title>
	<stream_url><![CDATA[http://vsadmin:yxcvbnm123!@main.virtualsat.eu:9246]]></stream_url> 
	<logo_30x30></logo_30x30>
	<description>KANAL7 AVR</description>
	<category_id>1</category_id>
</channel>
<channel>
	<title>CNNTURK</title>
	<stream_url><![CDATA[http://vsadmin:yxcvbnm123!@main.virtualsat.eu:9247]]></stream_url> 
	<logo_30x30></logo_30x30>
	<description>CNNTURK</description>
	<category_id>1</category_id>
</channel>
<channel>
	<title>TV2</title>
	<stream_url><![CDATA[http://vsadmin:yxcvbnm123!@main.virtualsat.eu:9248]]></stream_url> 
	<logo_30x30></logo_30x30>
	<description>TV2</description>
	<category_id>1</category_id>
</channel>

</items>