﻿<?xml version="1.0" encoding="UTF-8" ?>
<items>
<category>
	<category_id>1</category_id>
	<category_title>Türk_TV</category_title>
</category>
<category>
	<category_id>2</category_id>
	<category_title>Yabancı_TV</category_title>
</category>	
<channel>
	<title><![CDATA[<font color="#990000">Türk_TV</font>]]></title>
	<playlist_url>XML/TurkTV.xml</playlist_url>
	<description><![CDATA[<img src="logos/turkiptv.jpg" height="400" width="420"/>]]></description>
	<category_id>1</category_id>
</channel>
<channel>
	<title><![CDATA[<font color="#00ccff">Yabancı_TV</font>]]></title>
	<playlist_url>XML/YabanciTV.xml</playlist_url>
	<description><![CDATA[<img src="logos/turkiptv.jpg" height="400" width="420"/>]]></description>
	<category_id>1</category_id>
</channel>
</items>
